{"numeric_features": ["age", "annual_income", "monthly_income", "debt_to_income_ratio", "credit_score", "loan_amount", "interest_rate", "loan_term", "installment", "num_of_open_accounts", "total_credit_limit", "current_balance", "delinquency_history", "public_records", "num_of_delinquencies"], "categorical_features": ["gender", "marital_status", "education_level", "employment_status", "loan_purpose"], "numeric": {"medians": [48.0, 36510.009999999995, 3042.5, 0.16, 680.0, 14972.25, 12.39, 36.0, 436.04999999999995, 5.0, 40028.955, 18232.755, 2.0, 0.0, 2.0], "means": [47.964, 43422.883162499995, 3618.57356625, 0.17719225, 679.5278125, 15092.726175625, 12.390654999999999, 43.179, 454.69840125, 5.0105625, 48474.3258525, 24222.9197625, 1.98275, 0.061, 2.4793125], "scales": [15.844694033019382, 28544.199878824726, 2378.6833454998914, 0.10519359493304477, 69.39614255464667, 8562.866695126833, 2.439827521255345, 10.988992628990157, 273.44152846971963, 2.2489332879375836, 32384.359203190354, 22267.814404341352, 1.4733728100857568, 0.28311481769769664, 1.6333086136256523]}, "categorical": {"modes": ["Female", "Single", "Bachelor's", "Employed", "Debt consolidation"], "categories": [["Female", "Male", "Other"], ["Divorced", "Married", "Single", "Widowed"], ["Bachelor's", "High School", "Master's", "Other", "PhD"], ["Employed", "Retired", "Self-employed", "Student", "Unemployed"], ["Business", "Car", "Debt consolidation", "Education", "Home", "Medical", "Other", "Vacation"]]}, "logreg": {"coef": [0.018408540043214357, 0.03648457532182526, 0.03648992359575071, -0.853610324311186, 0.8633062234855223, 0.0041924041492021535, -0.033167800656843736, 0.010787115684754779, 0.010268524638013445, -0.008341579241409805, -0.05453488900590673, -0.003036765780269057, -0.02351415980910023, -0.01416467417350255, 0.0483179020158427, 0.08764467794892304, 0.1087874679921151, -0.07509563951917436, 0.15470094653943858, 0.04149817571592627, 0.10576586703014945, -0.1806284828636494, 0.005193242876711629, 0.10069780219985117, 0.009709055478057968, -0.023021813620499234, 0.028758219487743333, 0.7776083294246884, 3.89516884327531, 0.7975589060565118, -1.9958990032230517, -3.353100569111592, -0.0006910193125907895, 0.03801150800300958, 0.01704273874416226, -0.2067571422699878, 0.21960372378464002, -0.10571439999421355, 0.10142032669228099, 0.058420770774563334], "intercept": 0.1222851113632696}, "thresholds": {"approve": 0.5, "risk_low": 0.8, "risk_medium": 0.6}}
